                  epoch,         train/box_loss,         train/cls_loss,         train/dfl_loss,   metrics/precision(B),      metrics/recall(B),       metrics/mAP50(B),    metrics/mAP50-95(B),           val/box_loss,           val/cls_loss,           val/dfl_loss,                 lr/pg0,                 lr/pg1,                 lr/pg2
                      1,                 1.1777,                 1.3264,                 1.4388,                0.00369,                0.23604,                0.00213,                0.00046,                 4.3126,                    inf,                 30.795,             0.00066154,             0.00066154,             0.00066154
                      2,                 1.4684,                 1.4753,                 1.6487,                0.43471,                0.50551,                 0.4451,                0.22532,                 1.7513,                 3.8894,                 2.2707,              0.0013238,              0.0013238,              0.0013238
                      3,                 1.4615,                 1.4057,                 1.6429,                0.58257,                0.59391,                0.60189,                0.35986,                 1.3975,                 2.4734,                 1.7878,              0.0019817,              0.0019817,              0.0019817
                      4,                 1.3422,                 1.2356,                 1.5519,                0.58724,                0.55584,                 0.5678,                 0.3189,                 1.5124,                 1.7516,                 1.8138,              0.0019802,              0.0019802,              0.0019802
                      5,                 1.2666,                 1.1353,                 1.5049,                0.86947,                0.82844,                0.89869,                0.60834,                 1.0831,                 0.9553,                 1.4897,              0.0019736,              0.0019736,              0.0019736
                      6,                 1.2082,                 1.0902,                  1.475,                0.87073,                0.87186,                0.93038,                0.62281,                 1.0789,                0.94444,                 1.4374,               0.001967,               0.001967,               0.001967
                      7,                 1.1701,                0.99993,                 1.4402,                0.90528,                0.89594,                0.95615,                0.67505,                 0.9839,                0.77999,                 1.3547,              0.0019604,              0.0019604,              0.0019604
                      8,                 1.1312,                0.93474,                 1.4046,                0.90363,                0.85676,                0.93422,                0.63965,                 1.0683,                0.84591,                 1.4677,              0.0019538,              0.0019538,              0.0019538
                      9,                 1.0896,                0.89777,                 1.3674,                0.92983,                0.90355,                0.95834,                0.70625,                 0.8878,                 0.6409,                  1.292,              0.0019472,              0.0019472,              0.0019472
                     10,                 1.0664,                0.86313,                 1.3614,                0.93781,                0.91859,                0.97041,                0.71496,                0.89481,                 0.6378,                 1.2913,              0.0019406,              0.0019406,              0.0019406
                     11,                 1.0088,                0.81798,                 1.3217,                0.91599,                0.88554,                0.94044,                0.67776,                 0.9582,                0.68183,                 1.3504,               0.001934,               0.001934,               0.001934
                     12,                 1.0241,                 0.8128,                 1.3325,                0.94755,                0.91698,                0.97864,                 0.7492,                0.81264,                0.57345,                 1.1984,              0.0019274,              0.0019274,              0.0019274
                     13,                0.96963,                0.76852,                 1.2912,                0.94043,                 0.9216,                0.97239,                0.72545,                0.87197,                  0.556,                 1.2985,              0.0019208,              0.0019208,              0.0019208
                     14,                0.99057,                0.77168,                 1.3097,                0.94837,                0.93246,                0.97517,                0.74139,                0.81193,                0.52152,                 1.2287,              0.0019142,              0.0019142,              0.0019142
                     15,                0.96668,                0.73603,                 1.2935,                0.91532,                0.93277,                0.97117,                0.74546,                 0.8149,                0.58118,                 1.2188,              0.0019076,              0.0019076,              0.0019076
                     16,                0.93468,                0.71625,                 1.2604,                0.95065,                0.92386,                0.97249,                0.75126,                0.83474,                0.51568,                 1.2435,               0.001901,               0.001901,               0.001901
                     17,                0.91834,                0.71003,                  1.263,                0.95351,                0.93695,                0.97689,                0.75499,                  0.808,                0.51253,                 1.2117,              0.0018944,              0.0018944,              0.0018944
                     18,                0.92202,                0.71929,                 1.2606,                0.94755,                0.94162,                0.97805,                 0.7615,                 0.7839,                0.49885,                 1.2215,              0.0018878,              0.0018878,              0.0018878
                     19,                0.87674,                0.66752,                 1.2298,                0.97186,                0.96701,                0.98651,                0.79316,                0.71511,                0.47685,                 1.1498,              0.0018812,              0.0018812,              0.0018812
                     20,                0.86332,                0.64705,                 1.2153,                0.95643,                0.93909,                0.98412,                0.77263,                0.78235,                0.48642,                 1.1851,              0.0018746,              0.0018746,              0.0018746
                     21,                0.87828,                0.67996,                 1.2336,                0.95879,                0.94471,                0.98608,                0.78343,                0.77918,                0.46034,                 1.1672,               0.001868,               0.001868,               0.001868
                     22,                0.86273,                 0.6381,                 1.2247,                0.95138,                0.93909,                0.97944,                 0.7772,                0.74238,                0.46867,                 1.1666,              0.0018614,              0.0018614,              0.0018614
                     23,                0.83704,                0.64707,                 1.1977,                0.96688,                0.95431,                0.98636,                0.78744,                0.72677,                0.42847,                 1.1542,              0.0018548,              0.0018548,              0.0018548
                     24,                0.84402,                0.63705,                 1.2073,                0.94821,                0.96447,                0.98338,                 0.7871,                0.74398,                0.44894,                 1.1588,              0.0018482,              0.0018482,              0.0018482
                     25,                 0.8116,                0.60237,                 1.1868,                0.96745,                0.96447,                0.98573,                0.78476,                0.74381,                0.43341,                 1.1414,              0.0018416,              0.0018416,              0.0018416
                     26,                0.80777,                0.61286,                  1.187,                0.96731,                0.95685,                0.99056,                0.80302,                0.71483,                 0.4248,                 1.1301,               0.001835,               0.001835,               0.001835
                     27,                0.79594,                0.59042,                 1.1761,                0.95974,                0.96804,                0.98851,                0.77946,                0.74849,                0.42094,                 1.1902,              0.0018284,              0.0018284,              0.0018284
                     28,                0.79522,                0.59278,                 1.1865,                 0.9612,                0.94321,                0.98019,                0.77636,                 0.7563,                0.44653,                 1.1805,              0.0018218,              0.0018218,              0.0018218
                     29,                0.78411,                0.57061,                 1.1587,                0.95003,                0.96507,                0.98451,                0.79931,                0.71926,                0.41938,                 1.1636,              0.0018152,              0.0018152,              0.0018152
                     30,                0.78197,                0.58747,                 1.1758,                0.95273,                0.97205,                0.98884,                0.79693,                0.69009,                0.40934,                 1.1202,              0.0018086,              0.0018086,              0.0018086
                     31,                0.78028,                0.56854,                 1.1587,                0.95192,                0.96447,                 0.9862,                0.78783,                0.73411,                0.42206,                 1.1509,               0.001802,               0.001802,               0.001802
                     32,                0.76928,                0.56528,                 1.1624,                0.97206,                0.97136,                0.99038,                 0.7978,                0.72538,                0.39843,                 1.1441,              0.0017954,              0.0017954,              0.0017954
                     33,                0.74767,                0.55135,                 1.1497,                0.96577,                0.96701,                0.98436,                0.79813,                0.71145,                0.40615,                 1.1568,              0.0017888,              0.0017888,              0.0017888
                     34,                0.76299,                0.56281,                 1.1472,                0.94996,                0.96359,                0.98783,                0.81962,                0.65357,                0.39578,                 1.1008,              0.0017822,              0.0017822,              0.0017822
                     35,                0.75021,                0.54651,                 1.1444,                0.96838,                0.95939,                  0.991,                0.80294,                0.69606,                0.37975,                 1.1567,              0.0017756,              0.0017756,              0.0017756
                     36,                0.74175,                0.54481,                 1.1451,                0.95693,                0.95868,                0.98691,                 0.7935,                0.73069,                0.41871,                 1.1715,               0.001769,               0.001769,               0.001769
                     37,                0.72368,                0.53782,                 1.1301,                0.97162,                0.96193,                0.98316,                0.80769,                0.66455,                0.37938,                  1.122,              0.0017624,              0.0017624,              0.0017624
                     38,                0.73707,                0.53461,                 1.1371,                0.97209,                0.97252,                0.99059,                0.81448,                0.69722,                 0.4002,                  1.148,              0.0017558,              0.0017558,              0.0017558
                     39,                 0.7221,                0.53396,                 1.1273,                0.95895,                0.94873,                0.98226,                0.79815,                0.71891,                  0.398,                 1.1655,              0.0017492,              0.0017492,              0.0017492
                     40,                0.72019,                0.52275,                 1.1347,                0.97707,                0.97357,                0.99149,                0.82061,                0.68075,                0.37134,                 1.1075,              0.0017426,              0.0017426,              0.0017426
                     41,                0.70459,                0.51845,                 1.1157,                0.93762,                0.95178,                 0.9757,                0.79098,                0.70717,                0.42952,                 1.1594,               0.001736,               0.001736,               0.001736
                     42,                0.71516,                0.51107,                 1.1154,                0.96257,                 0.9797,                0.99014,                0.81421,                0.65731,                0.37543,                 1.1061,              0.0017294,              0.0017294,              0.0017294
                     43,                0.69495,                0.50527,                  1.101,                0.96433,                0.94924,                0.97914,                0.80919,                0.68534,                0.38558,                 1.1199,              0.0017228,              0.0017228,              0.0017228
                     44,                0.69413,                0.49714,                 1.1036,                0.95219,                0.96053,                0.97967,                0.80032,                0.70047,                0.41905,                 1.1404,              0.0017162,              0.0017162,              0.0017162
                     45,                0.68654,                0.49333,                 1.1127,                0.96523,                0.97462,                0.99066,                0.81432,                0.68837,                 0.3683,                 1.1202,              0.0017096,              0.0017096,              0.0017096
                     46,                0.68328,                 0.4916,                 1.1029,                0.95276,                0.97261,                0.98729,                0.78886,                0.71574,                0.38728,                 1.1368,               0.001703,               0.001703,               0.001703
                     47,                0.68174,                0.49034,                  1.097,                0.95274,                0.97207,                0.98001,                0.80031,                  0.694,                0.39335,                 1.1308,              0.0016964,              0.0016964,              0.0016964
                     48,                0.67093,                0.48327,                 1.0958,                 0.9623,                0.96701,                0.98742,                0.81528,                0.66924,                  0.383,                 1.1264,              0.0016898,              0.0016898,              0.0016898
                     49,                0.66329,                0.47739,                 1.0845,                0.96503,                0.98058,                0.98673,                0.80931,                0.64172,                0.34353,                 1.0975,              0.0016832,              0.0016832,              0.0016832
                     50,                0.64388,                0.46697,                 1.0749,                0.97459,                0.97357,                0.99142,                0.81593,                 0.6661,                 0.3701,                  1.129,              0.0016766,              0.0016766,              0.0016766
                     51,                0.64859,                0.46676,                 1.0839,                0.99173,                0.97208,                0.99064,                0.82882,                 0.6469,                 0.3372,                 1.0952,                0.00167,                0.00167,                0.00167
                     52,                0.63764,                0.46373,                 1.0821,                0.97197,                0.96817,                0.98883,                0.80832,                0.70031,                 0.3894,                 1.1575,              0.0016634,              0.0016634,              0.0016634
                     53,                 0.6497,                0.46892,                 1.0811,                0.95609,                0.97716,                0.98609,                0.82109,                0.65892,                0.37973,                 1.1001,              0.0016568,              0.0016568,              0.0016568
                     54,                0.63514,                 0.4661,                 1.0718,                0.96663,                0.95565,                0.98266,                0.81581,                0.65193,                0.35825,                  1.128,              0.0016502,              0.0016502,              0.0016502
                     55,                 0.6319,                0.46027,                 1.0669,                0.97846,                 0.9797,                 0.9919,                0.81557,                0.69258,                0.36455,                 1.1318,              0.0016436,              0.0016436,              0.0016436
                     56,                0.62153,                 0.4512,                 1.0557,                0.97665,                0.96954,                  0.991,                0.82548,                0.65451,                0.33217,                 1.1065,               0.001637,               0.001637,               0.001637
                     57,                0.62126,                0.44403,                 1.0551,                0.96855,                0.96701,                0.98935,                0.81957,                0.64862,                 0.3496,                 1.0902,              0.0016304,              0.0016304,              0.0016304
                     58,                0.62869,                0.45064,                 1.0772,                0.96661,                0.97208,                0.98269,                0.81205,                0.66365,                0.35066,                 1.1205,              0.0016238,              0.0016238,              0.0016238
                     59,                0.62316,                0.45274,                  1.061,                0.98284,                0.97716,                0.99147,                0.82654,                0.66705,                0.34591,                  1.122,              0.0016172,              0.0016172,              0.0016172
                     60,                 0.6216,                0.44861,                 1.0651,                0.97719,                0.97841,                0.99104,                0.82975,                0.66508,                0.33757,                 1.1294,              0.0016106,              0.0016106,              0.0016106
                     61,                0.61631,                0.44053,                 1.0726,                0.96934,                0.96283,                0.98931,                0.80643,                0.71454,                0.37031,                 1.1655,               0.001604,               0.001604,               0.001604
                     62,                0.62884,                0.46097,                 1.0677,                0.97677,                0.96039,                0.99041,                0.82577,                 0.6628,                0.34736,                 1.1129,              0.0015974,              0.0015974,              0.0015974
                     63,                0.59732,                0.44173,                  1.054,                0.97175,                0.95178,                0.98444,                0.81278,                0.65593,                0.34567,                 1.1307,              0.0015908,              0.0015908,              0.0015908
                     64,                0.59161,                0.43074,                 1.0545,                0.97412,                0.96193,                0.99187,                0.82071,                0.66725,                0.34551,                 1.1334,              0.0015842,              0.0015842,              0.0015842
                     65,                0.58773,                0.42657,                 1.0448,                0.97714,                0.97644,                0.99148,                0.81983,                 0.6591,                0.33129,                 1.1243,              0.0015776,              0.0015776,              0.0015776
                     66,                0.58797,                0.44063,                 1.0498,                0.97964,                0.97715,                0.99324,                0.82592,                 0.6329,                 0.3284,                 1.1046,               0.001571,               0.001571,               0.001571
                     67,                0.58479,                0.43167,                 1.0445,                0.98052,                0.96954,                0.98981,                0.82707,                0.63902,                0.33989,                 1.1181,              0.0015644,              0.0015644,              0.0015644
                     68,                0.59996,                0.44566,                 1.0537,                0.97209,                 0.9724,                0.99171,                0.82046,                 0.6756,                0.33927,                 1.1328,              0.0015578,              0.0015578,              0.0015578
                     69,                0.58579,                0.42897,                 1.0505,                0.96618,                0.97462,                0.98899,                0.82211,                0.65501,                0.34179,                 1.1326,              0.0015512,              0.0015512,              0.0015512
                     70,                0.56856,                0.41627,                 1.0401,                0.97164,                 0.9797,                0.98966,                0.81651,                0.68039,                0.33379,                 1.1681,              0.0015446,              0.0015446,              0.0015446
                     71,                0.57395,                0.41949,                 1.0476,                0.97718,                0.97832,                0.98962,                0.83466,                0.62611,                0.31955,                 1.0833,               0.001538,               0.001538,               0.001538
                     72,                0.57091,                0.41167,                 1.0377,                0.96454,                0.97716,                0.98886,                0.83775,                0.61882,                0.32555,                 1.0634,              0.0015314,              0.0015314,              0.0015314
                     73,                0.55988,                0.39872,                 1.0293,                0.97641,                0.96193,                0.98922,                  0.829,                0.66889,                0.33239,                  1.145,              0.0015248,              0.0015248,              0.0015248
                     74,                0.56473,                  0.409,                 1.0321,                0.96248,                 0.9766,                0.98826,                 0.8198,                0.66805,                0.33246,                 1.1173,              0.0015182,              0.0015182,              0.0015182
                     75,                0.56707,                0.40329,                 1.0338,                0.97628,                0.96447,                0.98454,                0.82858,                0.64977,                0.35237,                 1.1314,              0.0015116,              0.0015116,              0.0015116
                     76,                0.56039,                0.40648,                 1.0348,                0.97193,                0.96661,                0.98411,                0.83322,                0.66053,                0.33276,                 1.1248,               0.001505,               0.001505,               0.001505
                     77,                0.55299,                0.40016,                 1.0261,                 0.9822,                0.98021,                0.99057,                0.82916,                0.66202,                0.33537,                 1.1146,              0.0014984,              0.0014984,              0.0014984
                     78,                0.55491,                0.39986,                 1.0299,                0.98205,                0.97197,                0.98868,                 0.8389,                0.64611,                0.31185,                 1.1095,              0.0014918,              0.0014918,              0.0014918
                     79,                0.54332,                 0.3895,                 1.0202,                0.97791,                 0.9797,                0.99133,                0.82697,                0.64558,                0.32707,                  1.111,              0.0014852,              0.0014852,              0.0014852
                     80,                0.54127,                0.39075,                 1.0146,                0.97732,                0.98418,                0.99238,                0.82852,                0.64749,                0.32309,                  1.122,              0.0014786,              0.0014786,              0.0014786
                     81,                 0.5458,                0.39405,                 1.0267,                0.98424,                0.97208,                0.98979,                0.81758,                 0.6537,                0.33614,                 1.0931,               0.001472,               0.001472,               0.001472
                     82,                0.54018,                0.39739,                  1.015,                0.98584,                0.96701,                0.99065,                0.82346,                0.65685,                0.32615,                 1.1165,              0.0014654,              0.0014654,              0.0014654
                     83,                0.53359,                0.38703,                 1.0106,                0.98409,                0.98223,                0.99076,                0.83825,                0.63314,                0.30519,                 1.0929,              0.0014588,              0.0014588,              0.0014588
                     84,                0.52888,                0.38483,                  1.013,                0.98701,                0.96436,                0.99176,                0.84006,                0.63292,                0.32474,                 1.1012,              0.0014522,              0.0014522,              0.0014522
                     85,                0.52721,                0.37654,                 1.0125,                0.96154,                0.98477,                 0.9918,                0.82728,                0.64855,                0.31939,                 1.1311,              0.0014456,              0.0014456,              0.0014456
                     86,                0.52335,                0.37316,                 1.0019,                0.96984,                0.97927,                0.99105,                0.82255,                0.66672,                0.31809,                 1.1294,               0.001439,               0.001439,               0.001439
                     87,                 0.5326,                0.38903,                  1.015,                0.97461,                0.97406,                0.99159,                0.82144,                0.65062,                0.31711,                 1.1175,              0.0014324,              0.0014324,              0.0014324
                     88,                0.52826,                0.38178,                  1.012,                0.97768,                0.95685,                0.98683,                0.81776,                0.65271,                0.31931,                  1.131,              0.0014258,              0.0014258,              0.0014258
                     89,                0.51803,                0.37787,                 1.0091,                0.96688,                0.97716,                 0.9892,                0.83015,                0.65683,                0.32204,                  1.104,              0.0014192,              0.0014192,              0.0014192
                     90,                0.52558,                0.38634,                 1.0061,                0.98187,                0.96192,                0.98217,                0.81794,                0.64615,                0.32816,                 1.1215,              0.0014126,              0.0014126,              0.0014126
                     91,                0.51348,                0.37318,                 1.0063,                0.97718,                0.97835,                0.99093,                0.83837,                0.63758,                0.30253,                 1.1212,               0.001406,               0.001406,               0.001406
                     92,                0.51903,                0.37892,                 1.0093,                0.96715,                0.97716,                0.98998,                0.84134,                0.62658,                0.30995,                  1.088,              0.0013994,              0.0013994,              0.0013994
                     93,                 0.5164,                0.37305,                0.99741,                0.97702,                 0.9713,                0.98986,                0.83817,                0.61656,                0.30767,                 1.0802,              0.0013928,              0.0013928,              0.0013928
                     94,                0.51083,                0.36677,                 1.0084,                0.98652,                0.97208,                0.99167,                0.83085,                  0.635,                0.31374,                 1.1065,              0.0013862,              0.0013862,              0.0013862
                     95,                0.50411,                0.37192,                 1.0046,                0.98227,                0.97462,                0.99212,                 0.8306,                0.65189,                0.32106,                  1.131,              0.0013796,              0.0013796,              0.0013796
                     96,                0.51488,                0.37578,                 1.0033,                0.98448,                0.96595,                 0.9909,                0.84178,                0.62161,                0.31661,                 1.0921,               0.001373,               0.001373,               0.001373
                     97,                0.50686,                0.36786,                 1.0006,                0.97822,                 0.9797,                 0.9911,                0.83758,                0.63828,                0.29888,                 1.1137,              0.0013664,              0.0013664,              0.0013664
                     98,                0.48966,                0.35533,                0.98994,                 0.9656,                0.97716,                0.98824,                0.82915,                0.63154,                0.30754,                 1.1013,              0.0013598,              0.0013598,              0.0013598
                     99,                0.48809,                0.35488,                0.99157,                0.96006,                0.97621,                0.98935,                0.83767,                0.64452,                0.31696,                 1.1061,              0.0013532,              0.0013532,              0.0013532
                    100,                0.49053,                0.35484,                0.99049,                0.97929,                0.96004,                0.99204,                0.83966,                0.62981,                0.29627,                  1.085,              0.0013466,              0.0013466,              0.0013466
                    101,                0.48946,                0.35537,                0.98614,                0.97163,                0.96954,                 0.9881,                0.84169,                0.62819,                 0.3033,                 1.1061,                0.00134,                0.00134,                0.00134
                    102,                 0.4781,                0.35012,                 0.9812,                0.97706,                0.97302,                 0.9918,                0.83791,                0.62255,                0.30646,                 1.1035,              0.0013334,              0.0013334,              0.0013334
                    103,                0.48024,                0.34475,                0.98494,                0.98455,                0.97042,                0.99208,                0.84145,                 0.6291,                0.29974,                 1.1045,              0.0013268,              0.0013268,              0.0013268
                    104,                0.47175,                0.34581,                0.98463,                0.97431,                 0.9797,                0.98977,                0.83901,                 0.6172,                0.30283,                 1.0818,              0.0013202,              0.0013202,              0.0013202
                    105,                0.47266,                0.34808,                 0.9814,                0.96265,                0.98135,                0.98675,                0.82622,                0.66805,                0.32166,                 1.1394,              0.0013136,              0.0013136,              0.0013136
                    106,                0.48129,                0.34832,                0.98507,                0.97919,                0.97462,                0.98789,                 0.8409,                0.64672,                 0.3004,                 1.1141,               0.001307,               0.001307,               0.001307
                    107,                0.46967,                0.34776,                0.97852,                 0.9642,                 0.9797,                0.98502,                0.83455,                0.64115,                0.31346,                 1.1173,              0.0013004,              0.0013004,              0.0013004
                    108,                0.47631,                0.35103,                0.98033,                0.97818,                0.97716,                0.98998,                0.83884,                0.63989,                0.30727,                 1.1099,              0.0012938,              0.0012938,              0.0012938
                    109,                0.46435,                0.32797,                0.97482,                0.97916,                0.98477,                0.99226,                 0.8562,                0.61415,                0.29877,                 1.0824,              0.0012872,              0.0012872,              0.0012872
                    110,                0.46616,                0.33952,                0.97907,                0.98205,                 0.9718,                0.99095,                0.85482,                0.62505,                0.29133,                 1.1024,              0.0012806,              0.0012806,              0.0012806
                    111,                0.45893,                0.33263,                0.98602,                0.98411,                0.97208,                0.99193,                0.84161,                0.65117,                0.30446,                 1.1124,               0.001274,               0.001274,               0.001274
                    112,                 0.4694,                0.34747,                0.98135,                0.97633,                0.98223,                0.99105,                 0.8367,                0.64011,                0.30093,                 1.1035,              0.0012674,              0.0012674,              0.0012674
                    113,                0.46952,                0.33912,                0.97563,                0.97069,                 0.9797,                 0.9911,                0.83284,                0.64947,                0.30419,                 1.1185,              0.0012608,              0.0012608,              0.0012608
                    114,                0.46163,                0.33812,                0.97452,                0.98461,                0.97462,                 0.9895,                0.83986,                0.64769,                0.31186,                 1.1189,              0.0012542,              0.0012542,              0.0012542
                    115,                0.46675,                0.33007,                0.97284,                0.98695,                0.96193,                0.98992,                0.83379,                0.64511,                0.31238,                 1.1224,              0.0012476,              0.0012476,              0.0012476
                    116,                0.45829,                0.33308,                0.96919,                0.97714,                0.97656,                 0.9884,                0.83602,                0.64669,                0.30396,                 1.1163,               0.001241,               0.001241,               0.001241
                    117,                0.45875,                0.32831,                0.97374,                0.97905,                  0.949,                0.98442,                0.83564,                0.63537,                0.31432,                 1.0983,              0.0012344,              0.0012344,              0.0012344
                    118,                0.45786,                0.34149,                0.98256,                0.96446,                0.97462,                0.98664,                0.83689,                0.65412,                 0.3111,                 1.1351,              0.0012278,              0.0012278,              0.0012278
                    119,                0.45067,                0.33186,                0.96773,                0.97865,                 0.9797,                0.98806,                0.84191,                0.63326,                0.28966,                 1.1042,              0.0012212,              0.0012212,              0.0012212
                    120,                0.45742,                0.32341,                0.97403,                0.97703,                0.97716,                0.99095,                0.84616,                0.62261,                0.28428,                 1.0974,              0.0012146,              0.0012146,              0.0012146
                    121,                0.44001,                0.32696,                0.96398,                0.97617,                0.97716,                0.99173,                  0.849,                0.62226,                0.28263,                 1.0943,               0.001208,               0.001208,               0.001208
                    122,                0.43848,                0.32606,                0.96092,                0.97958,                0.97388,                0.98858,                0.83515,                0.65605,                0.30222,                 1.1486,              0.0012014,              0.0012014,              0.0012014
                    123,                0.43483,                0.32177,                0.96224,                0.98135,                0.96954,                0.99085,                0.83235,                0.64613,                0.31019,                 1.1185,              0.0011948,              0.0011948,              0.0011948
                    124,                0.44445,                0.33628,                0.97229,                0.97222,                0.97703,                0.98337,                0.82734,                0.64926,                0.30791,                 1.1284,              0.0011882,              0.0011882,              0.0011882
                    125,                  0.438,                 0.3253,                0.96012,                0.98464,                0.97625,                0.99192,                 0.8413,                0.65993,                0.29843,                 1.1494,              0.0011816,              0.0011816,              0.0011816
                    126,                0.43896,                0.31898,                0.95629,                  0.985,                0.96954,                0.99095,                0.83681,                0.64762,                0.29708,                 1.1172,               0.001175,               0.001175,               0.001175
                    127,                0.42481,                0.31461,                0.95662,                0.97927,                0.96954,                0.99093,                0.84243,                0.64334,                0.29437,                 1.1196,              0.0011684,              0.0011684,              0.0011684
                    128,                0.42393,                0.30971,                0.95368,                0.97962,                 0.9762,                0.99225,                0.84161,                0.66743,                0.29678,                 1.1212,              0.0011618,              0.0011618,              0.0011618
                    129,                0.42986,                0.31511,                0.95259,                0.98041,                0.96701,                0.99001,                 0.8412,                0.64651,                0.29617,                  1.091,              0.0011552,              0.0011552,              0.0011552
                    130,                0.42586,                0.30428,                0.95417,                0.96964,                0.97289,                 0.9884,                0.84401,                0.60585,                0.28089,                 1.0682,              0.0011486,              0.0011486,              0.0011486
                    131,                0.43093,                0.31138,                0.95952,                 0.9782,                0.97208,                0.99039,                0.83078,                0.64725,                0.28475,                 1.1196,               0.001142,               0.001142,               0.001142
                    132,                0.42959,                0.31582,                 0.9548,                0.97445,                0.97462,                0.99161,                 0.8396,                0.65422,                0.28859,                 1.1112,              0.0011354,              0.0011354,              0.0011354
                    133,                0.43106,                0.31569,                 0.9551,                 0.9848,                0.96954,                0.99156,                0.83499,                0.66095,                0.30537,                 1.1281,              0.0011288,              0.0011288,              0.0011288
                    134,                0.41995,                0.30721,                0.95154,                 0.9732,                0.97208,                 0.9917,                0.83622,                0.63834,                0.30139,                 1.1167,              0.0011222,              0.0011222,              0.0011222
                    135,                0.41634,                0.30793,                 0.9568,                0.97584,                0.97462,                0.99111,                0.84774,                0.63268,                0.28809,                  1.118,              0.0011156,              0.0011156,              0.0011156
                    136,                 0.4145,                0.30167,                0.94741,                0.97838,                0.97462,                0.98619,                0.82776,                0.66386,                0.30038,                 1.1309,               0.001109,               0.001109,               0.001109
                    137,                0.40646,                0.29731,                 0.9467,                0.97709,                0.97716,                0.99066,                0.84019,                0.63333,                 0.2919,                 1.0903,              0.0011024,              0.0011024,              0.0011024
                    138,                0.40907,                0.29949,                0.94385,                0.97974,                0.98201,                0.99166,                0.83652,                0.65768,                 0.2939,                 1.1346,              0.0010958,              0.0010958,              0.0010958
                    139,                0.42125,                0.30767,                0.95787,                0.98623,                0.97462,                0.98887,                0.83743,                0.65063,                0.30324,                 1.1176,              0.0010892,              0.0010892,              0.0010892
                    140,                 0.4191,                0.30372,                 0.9473,                 0.9794,                0.96539,                0.98967,                0.83634,                0.64402,                0.29139,                 1.1184,              0.0010826,              0.0010826,              0.0010826
                    141,                0.40816,                0.30037,                0.95027,                0.98091,                0.96954,                0.99168,                0.83851,                0.65444,                0.28912,                 1.1223,               0.001076,               0.001076,               0.001076
                    142,                0.40526,                 0.2975,                0.94747,                0.98104,                0.97462,                0.98843,                0.83258,                0.66007,                0.28755,                 1.1499,              0.0010694,              0.0010694,              0.0010694
                    143,                0.39842,                0.29043,                 0.9429,                 0.9621,                0.98477,                0.99256,                0.84747,                0.64321,                0.28614,                 1.1211,              0.0010628,              0.0010628,              0.0010628
                    144,                0.39762,                0.29019,                0.94312,                0.97473,                0.96954,                0.98607,                0.83888,                0.66301,                0.30154,                 1.1438,              0.0010562,              0.0010562,              0.0010562
                    145,                0.41004,                0.29719,                0.95102,                0.98127,                0.95939,                 0.9877,                0.84771,                0.62649,                0.28681,                 1.1059,              0.0010496,              0.0010496,              0.0010496
                    146,                0.39866,                0.29184,                0.94405,                0.98548,                0.97462,                0.98814,                0.84053,                0.66437,                0.28582,                 1.1474,               0.001043,               0.001043,               0.001043
                    147,                0.40617,                0.29703,                0.94833,                0.98451,                0.96773,                0.98746,                0.83564,                0.64448,                0.29221,                 1.1413,              0.0010364,              0.0010364,              0.0010364
                    148,                0.39994,                0.29232,                0.93601,                0.99221,                0.96972,                0.99011,                0.84683,                0.64858,                0.29371,                 1.1549,              0.0010298,              0.0010298,              0.0010298
                    149,                0.39191,                0.29041,                0.94439,                0.98627,                0.96701,                 0.9877,                0.84001,                0.66396,                0.29986,                  1.166,              0.0010232,              0.0010232,              0.0010232
                    150,                0.39932,                0.28734,                0.94187,                0.97594,                 0.9797,                0.98793,                0.84462,                0.65274,                0.29195,                  1.143,              0.0010166,              0.0010166,              0.0010166
                    151,                0.40148,                 0.2989,                0.94383,                0.98207,                 0.9797,                0.98952,                0.83543,                0.65842,                0.29156,                 1.1616,                0.00101,                0.00101,                0.00101
                    152,                0.39664,                0.28915,                0.93907,                0.98448,                0.98223,                0.99056,                0.84132,                0.65879,                0.29184,                   1.17,              0.0010034,              0.0010034,              0.0010034
                    153,                0.39565,                 0.2927,                0.94023,                0.98281,                 0.9797,                0.99286,                0.84415,                0.64811,                0.30039,                 1.1291,              0.0009968,              0.0009968,              0.0009968
                    154,                0.39152,                0.28685,                0.93346,                0.98447,                0.97462,                0.99286,                0.83882,                0.64383,                0.29024,                 1.1368,              0.0009902,              0.0009902,              0.0009902
                    155,                0.37758,                0.27765,                0.92871,                0.98711,                0.97198,                0.99254,                0.83486,                0.66079,                 0.2931,                 1.1477,              0.0009836,              0.0009836,              0.0009836
                    156,                0.38407,                0.28129,                0.93573,                 0.9719,                 0.9797,                0.98855,                0.83847,                0.65369,                0.29987,                 1.1179,               0.000977,               0.000977,               0.000977
                    157,                0.38759,                0.28225,                0.93924,                0.97575,                0.98477,                0.99252,                0.84556,                0.65927,                0.29218,                 1.1305,              0.0009704,              0.0009704,              0.0009704
                    158,                0.39126,                 0.2847,                0.94428,                0.97946,                0.96841,                0.98876,                0.84202,                0.66075,                0.28774,                 1.1438,              0.0009638,              0.0009638,              0.0009638
                    159,                0.38956,                0.28271,                0.93889,                0.98423,                0.97716,                0.99217,                0.84193,                0.66166,                0.28292,                 1.1507,              0.0009572,              0.0009572,              0.0009572
                    160,                0.37956,                0.27725,                0.92977,                0.97979,                0.98426,                0.99206,                0.83622,                 0.6466,                0.28932,                 1.1428,              0.0009506,              0.0009506,              0.0009506
                    161,                0.37534,                0.27451,                0.93238,                0.97971,                0.97208,                0.98764,                 0.8408,                 0.6641,                0.29664,                 1.1283,               0.000944,               0.000944,               0.000944
                    162,                0.37381,                0.27376,                0.92917,                 0.9846,                0.97395,                0.99086,                0.84687,                0.63243,                0.27845,                 1.1035,              0.0009374,              0.0009374,              0.0009374
                    163,                0.37148,                0.26819,                0.92667,                0.97213,                0.97372,                0.98816,                0.84782,                0.63377,                0.28746,                 1.0949,              0.0009308,              0.0009308,              0.0009308
                    164,                0.37477,                0.27797,                0.93297,                0.98464,                  0.976,                0.98811,                0.84445,                0.63876,                0.28102,                 1.1129,              0.0009242,              0.0009242,              0.0009242
                    165,                0.37414,                0.27167,                  0.926,                0.97472,                0.97866,                0.98778,                0.84523,                 0.6503,                0.27644,                 1.1375,              0.0009176,              0.0009176,              0.0009176
                    166,                0.37249,                0.27723,                0.92731,                0.97911,                0.97462,                0.98933,                0.84836,                0.63783,                0.28424,                 1.1273,               0.000911,               0.000911,               0.000911
                    167,                0.36789,                0.27237,                0.92406,                0.97085,                0.96954,                0.98494,                0.84392,                0.64622,                0.28736,                 1.1371,              0.0009044,              0.0009044,              0.0009044
                    168,                0.36473,                0.26671,                 0.9224,                0.98469,                0.97954,                0.98871,                0.83864,                0.65894,                  0.284,                 1.1492,              0.0008978,              0.0008978,              0.0008978
                    169,                0.37171,                0.26974,                0.93208,                0.98711,                0.97176,                0.99171,                0.83996,                0.65592,                0.28739,                 1.1622,              0.0008912,              0.0008912,              0.0008912
                    170,                0.36062,                0.26547,                0.92163,                0.98027,                0.97462,                0.99199,                0.84599,                0.66331,                0.29113,                 1.1506,              0.0008846,              0.0008846,              0.0008846
                    171,                0.36435,                0.26855,                0.92466,                0.98469,                0.97961,                0.99054,                0.84315,                0.66267,                0.28318,                 1.1516,               0.000878,               0.000878,               0.000878
                    172,                0.36173,                0.26732,                0.92688,                0.98457,                0.97161,                 0.9908,                0.84159,                0.65997,                0.28611,                 1.1533,              0.0008714,              0.0008714,              0.0008714
                    173,                0.36026,                0.26716,                0.92006,                0.99228,                0.97897,                0.99229,                0.85462,                0.65327,                0.29011,                 1.1298,              0.0008648,              0.0008648,              0.0008648
                    174,                0.35675,                0.26025,                0.92069,                0.98447,                0.97208,                 0.9886,                0.84104,                0.63592,                0.28509,                 1.1279,              0.0008582,              0.0008582,              0.0008582
                    175,                0.36253,                0.26692,                0.92411,                0.97208,                0.97716,                0.98765,                0.84495,                0.63576,                0.29615,                 1.1188,              0.0008516,              0.0008516,              0.0008516
                    176,                0.35901,                0.27081,                0.92177,                0.97708,                0.97361,                  0.987,                0.84662,                0.62499,                0.29342,                 1.1127,               0.000845,               0.000845,               0.000845
                    177,                0.35332,                 0.2652,                0.91645,                 0.9699,                0.98126,                0.98669,                0.84337,                0.63464,                0.28521,                 1.1114,              0.0008384,              0.0008384,              0.0008384
                    178,                0.35133,                 0.2635,                0.91757,                 0.9679,                0.97716,                0.98775,                0.84236,                0.65017,                0.29504,                 1.1286,              0.0008318,              0.0008318,              0.0008318
                    179,                0.35558,                0.26522,                0.92064,                0.98952,                0.95866,                0.98894,                0.84899,                 0.6372,                0.28758,                  1.122,              0.0008252,              0.0008252,              0.0008252
                    180,                0.34997,                0.26146,                0.92046,                0.97957,                0.97338,                0.98737,                0.84636,                0.63081,                0.28156,                  1.121,              0.0008186,              0.0008186,              0.0008186
                    181,                 0.3499,                0.25881,                0.91385,                0.98968,                 0.9732,                0.99208,                0.84444,                0.65125,                0.28635,                 1.1402,               0.000812,               0.000812,               0.000812
                    182,                 0.3516,                0.26047,                0.91503,                0.98874,                0.96954,                0.99154,                0.84654,                0.63843,                0.28336,                 1.1414,              0.0008054,              0.0008054,              0.0008054
                    183,                0.34973,                0.26264,                0.92059,                0.98195,                 0.9664,                0.99073,                0.84036,                0.65429,                0.29617,                  1.135,              0.0007988,              0.0007988,              0.0007988
                    184,                0.34613,                0.25607,                0.91261,                0.97477,                0.98041,                0.99167,                0.84264,                0.66327,                0.28625,                 1.1338,              0.0007922,              0.0007922,              0.0007922
                    185,                0.34712,                0.26169,                0.91755,                 0.9897,                0.97571,                0.99179,                0.84558,                0.64632,                0.28409,                 1.1272,              0.0007856,              0.0007856,              0.0007856
                    186,                0.33967,                0.25082,                0.91421,                0.99095,                0.97208,                0.99144,                0.84926,                0.64781,                0.28813,                 1.1359,               0.000779,               0.000779,               0.000779
                    187,                0.34422,                0.25335,                0.91567,                0.98974,                0.97925,                0.99193,                0.85239,                0.64199,                0.28375,                 1.1221,              0.0007724,              0.0007724,              0.0007724
                    188,                0.34068,                0.24473,                0.90674,                 0.9887,                0.97208,                0.99103,                 0.8456,                0.64128,                 0.2857,                 1.1401,              0.0007658,              0.0007658,              0.0007658
                    189,                0.34733,                 0.2571,                0.91858,                0.98964,                0.96962,                0.99183,                0.84357,                0.65164,                0.29608,                 1.1282,              0.0007592,              0.0007592,              0.0007592
                    190,                0.33579,                 0.2526,                0.91699,                0.97965,                0.97726,                0.98869,                0.84386,                 0.6556,                0.28566,                 1.1437,              0.0007526,              0.0007526,              0.0007526
                    191,                0.33788,                0.24607,                0.91202,                0.97722,                 0.9797,                0.99108,                0.84607,                0.64638,                0.28394,                 1.1249,               0.000746,               0.000746,               0.000746
                    192,                0.34275,                0.25668,                0.91951,                 0.9846,                0.97343,                0.99111,                0.84049,                 0.6588,                0.29316,                  1.155,              0.0007394,              0.0007394,              0.0007394
                    193,                0.33311,                0.25238,                0.90917,                0.98212,                0.97716,                0.99132,                0.84563,                0.65385,                0.30128,                 1.1458,              0.0007328,              0.0007328,              0.0007328
                    194,                0.32808,                0.24414,                0.90478,                0.97741,                0.97462,                0.98764,                0.84077,                0.65847,                 0.2992,                 1.1484,              0.0007262,              0.0007262,              0.0007262
                    195,                0.33481,                0.25427,                0.91201,                0.98353,                0.97462,                0.99035,                 0.8332,                0.67273,                0.31414,                  1.157,              0.0007196,              0.0007196,              0.0007196
                    196,                0.33797,                0.25122,                0.91202,                0.98487,                0.95685,                0.98694,                0.82768,                 0.6766,                0.30699,                 1.1498,               0.000713,               0.000713,               0.000713
                    197,                 0.3304,                0.24549,                0.90926,                 0.9868,                0.96701,                 0.9878,                0.83482,                0.66636,                0.31151,                  1.143,              0.0007064,              0.0007064,              0.0007064
                    198,                0.32534,                0.24119,                0.90236,                0.97467,                0.97662,                0.99141,                0.83606,                 0.6532,                0.30576,                 1.1335,              0.0006998,              0.0006998,              0.0006998
                    199,                0.32396,                0.23941,                0.90002,                  0.982,                0.96899,                 0.9908,                0.83764,                0.65387,                0.30587,                 1.1193,              0.0006932,              0.0006932,              0.0006932
                    200,                0.32452,                0.24344,                0.90229,                0.98146,                0.97462,                0.98946,                0.83844,                0.65667,                0.29447,                 1.1399,              0.0006866,              0.0006866,              0.0006866
                    201,                0.32594,                0.24501,                 0.9071,                0.97895,                 0.9797,                0.99003,                  0.833,                0.66035,                0.31051,                 1.1518,                0.00068,                0.00068,                0.00068
                    202,                0.31914,                0.23717,                0.90163,                0.98157,                 0.9797,                0.98889,                0.83709,                0.65552,                0.29502,                 1.1561,              0.0006734,              0.0006734,              0.0006734
                    203,                0.32392,                0.24238,                0.90251,                0.98711,                0.97173,                0.98863,                0.84001,                0.65451,                0.28865,                 1.1562,              0.0006668,              0.0006668,              0.0006668
                    204,                 0.3196,                0.23857,                0.90365,                0.97838,                0.98477,                0.98959,                0.83684,                0.66483,                0.29495,                 1.1752,              0.0006602,              0.0006602,              0.0006602
                    205,                0.31677,                0.23633,                0.90511,                0.98473,                0.98178,                0.99035,                0.84245,                  0.658,                0.28999,                 1.1535,              0.0006536,              0.0006536,              0.0006536
                    206,                0.31979,                0.24099,                0.90177,                0.98964,                0.97013,                0.99035,                0.84347,                0.65998,                0.29577,                 1.1475,               0.000647,               0.000647,               0.000647
                    207,                0.31637,                0.23804,                0.90169,                0.98379,                0.96701,                0.98785,                 0.8468,                 0.6466,                0.29471,                 1.1245,              0.0006404,              0.0006404,              0.0006404
                    208,                0.31722,                 0.2303,                0.90148,                0.98697,                0.96131,                0.98797,                0.84399,                0.65835,                0.29545,                 1.1513,              0.0006338,              0.0006338,              0.0006338
                    209,                0.31317,                0.23667,                0.90208,                0.98567,                0.97462,                0.99233,                0.84707,                0.65637,                0.28894,                 1.1476,              0.0006272,              0.0006272,              0.0006272
